trial,kernel,lengthscale1,lengthscale2,noise,rmsd_0,rmsd_40,totalrmsd,blind_fes_rmsd,blind_grad_rmsd
0,RBF,19.24032876338245,3.5276090447529227,0.9998938340991034,4.4519784493368135,2.214226298624548,6.666204747961361,22.537760322107705,8.528374623090976
1,RBF,5.181278695874184,1.8691761344238844,0.7918727921675497,4.110680387954755,3.4503992080023735,7.561079595957128,42.40669638498495,9.631434992394741
2,RBF,19.932658776692843,1.6501001911739812,0.30923566385881973,2.304949225872987,3.3470503469930164,5.6519995728660035,21.47349619724539,8.198791212798207
3,RBF,8.295620192880403,1.6705444894694463,0.4931318024668121,2.626404474857537,4.483954827827545,7.110359302685081,29.612674566431785,8.445569365669536
4,RBF,14.483379689174422,4.510697909564531,0.6272923513581765,5.165975722841357,3.114027910319324,8.280003633160682,21.391621005190117,8.533628822906271
5,RBF,5.698581533288958,3.391852156627669,0.6493832858505102,4.952509096904839,4.155076634311379,9.107585731216219,46.057201440146684,10.380133574010111
6,RBF,11.308637657480686,4.477893258105014,0.8742236396520344,6.271373078087844,3.122339230889177,9.39371230897702,23.388727057826934,8.700381588989654
7,RBF,6.814239209042837,3.1927319095304583,0.7441910883569242,4.640871005687594,4.18666889324652,8.827539898934115,38.1699868169348,9.492185327096003
8,RBF,19.43812364751109,4.47847904441173,0.9539406890886245,4.968105253036754,2.3199611025056326,7.288066355542386,23.06988683187753,8.649225669386684
9,RBF,13.202284143233094,3.111773405826213,0.3821466035183807,3.8984956038302436,4.212582705925018,8.111078309755262,21.23326654969214,8.893483842298387
10,RBF,10.234605510361082,4.055374567003225,0.8753761228178905,5.960590139698791,3.3606621553737557,9.321252295072547,24.745671433182416,8.669331759584875
11,RBF,11.158936458369189,3.813210444286756,0.5997415088830715,4.951177920987579,3.8584110556911613,8.80958897667874,23.087203930826544,8.526747495115849
12,RBF,17.15623003530428,3.1365141992447523,0.8892913432400911,4.301863405193165,2.388236994564881,6.690100399758046,21.699294361215305,8.497776164177193
13,RBF,5.402246736331007,2.0708702314457788,0.6995000497279085,3.956144005596121,3.7658079500172894,7.72195195561341,43.01755765070132,9.728818179275075
14,RBF,3.7176974117941346,0.7017125696070685,0.5334639286100017,4.512645423533311,2.4882282374727627,7.000873661006073,41.23640188707579,9.805543284251693
15,RBF,11.58077665898724,4.71295395965317,0.5274072180025845,5.241901175354672,3.877385921706736,9.119287097061408,23.42573535566165,8.581085500185948
16,RBF,14.998277538275865,4.977708304394621,0.9333314793687741,6.139816777573699,2.6093971521309722,8.749213929704672,22.542261857343696,8.76276427359578
17,RBF,1.038442179287106,4.85952529682352,0.9112385413589791,8.941551406811652,3.9526605163861928,12.894211923197844,73.69691836085414,14.735883117637876
18,RBF,14.29028351850661,0.5778708758848389,0.6587432311347211,4.277300825539756,1.4639464075748916,5.741247233114647,20.606392281272143,7.667052826188076
19,RBF,16.58070521027182,2.848366148163413,0.4806099685763533,3.5278545499668192,3.3652107367549893,6.893065286721809,21.130795998169585,8.749103722760731
20,RBF,11.326495365783241,4.409986549389393,0.2912772518977493,4.033214044395867,5.006780243077033,9.0399942874729,24.757470629469854,8.866635488992229
21,RBF,1.5973373034290645,4.768769295827879,0.4309947794880574,6.834764817174053,2.5290227035368966,9.36378752071095,62.49629775535992,13.702063745262917
22,RBF,9.397034246815469,1.3692055080810153,0.6775131549816874,3.3936954929298104,3.4425950895298674,6.836290582459678,23.734173800579683,7.8837192043877495
23,RBF,13.450434873568884,1.4509077571642448,0.8863779663512956,3.855897417433976,2.1192436747938332,5.975141092227809,20.231310111618892,7.955373896748905
24,RBF,17.88575878129312,1.4967968962200573,0.7276483352872826,2.9868906905531256,2.2365369782921145,5.22342766884524,21.448054387349163,8.074577846821532
25,RBF,19.47028492796965,4.004683151526104,0.3435715209414209,3.4407363395800257,3.6585745820354556,7.099310921615482,21.672668261514975,8.784837006480476
26,RBF,15.90878657986539,4.853626654021008,0.4902494151885769,4.724285777177599,3.3058019714038465,8.030087748581446,21.365088900910855,8.567021171932858
27,RBF,2.6698352304418065,1.784783776273727,0.6568877165528835,5.54442096399397,3.09498098174434,8.63940194573831,43.92359770519873,11.128346591121351
28,RBF,4.144740966746068,3.1949181003802467,0.25245242823907693,4.703158213932401,4.342514902026521,9.045673115958921,55.28760774501853,11.332249778045679
29,RBF,18.34460963289468,0.5344044982110974,0.3595101426414618,2.860165600883778,2.004736710408866,4.864902311292644,21.112444005234188,7.571426093445967
30,RBF,9.967101261066764,2.2608861829689153,0.8124411413509077,4.405139520362103,3.442795063397129,7.847934583759232,22.917856032579266,8.346130061939666
31,RBF,1.2421271396704832,3.4352485244375517,0.42048211193883056,5.419626160860155,2.0396388339754705,7.459264994835625,70.66399446168323,14.371236910138277
32,RBF,12.475616603898988,2.7752669463177244,0.3678318484406263,3.6532506789021304,4.3863332950990435,8.039583974001173,21.692701856761314,8.905464671309556
33,RBF,3.5863323199215427,3.868896808373241,0.579667402068407,6.618309727864674,3.9473485601140377,10.565658287978712,54.36912448340797,11.886359590042042
34,RBF,10.863150206208399,4.726545924416646,0.7148202895270701,5.918952011982689,3.521425783805204,9.440377795787892,24.497912464498782,8.718896234580232
35,RBF,9.3267570820014,2.3725597672681307,0.3990651630631491,2.986656349489865,4.95335028882493,7.940006638314795,27.61136482320991,8.834781541437385
36,RBF,5.878428020728073,0.21267091709421643,0.9459240696149638,11.967458111409062,4.212218799300313,16.179676910709375,35.78596784499163,9.131017569718926
37,RBF,8.452921120356743,3.2766081285684616,0.4853916206078619,3.790385843958309,4.87451528355857,8.66490112751688,31.63691746026597,8.994540511063462
38,RBF,3.098367566283234,2.2979351831444705,0.5751390691695577,5.474336641914289,3.6793324622632806,9.15366910417757,48.68453387100284,11.08543261960727
39,RBF,2.104771565985228,4.10135814247682,0.4314730033592469,6.647909462752054,2.9199078115735055,9.56781727432556,47.2525435637856,12.232567875050268
40,RBF,13.370735623670766,0.8531575244126267,0.6226168589989761,3.665255371408171,2.2730273419340437,5.938282713342215,20.44564604749374,7.580691409636477
41,RBF,13.960821481500101,3.5878181055259635,0.7940933465118973,5.057617476469943,2.8517151877230646,7.909332664193007,21.04738131260588,8.476655048138033
42,RBF,11.995952993237811,1.964448688659295,0.8120396966003671,4.193052600657731,2.8328826809687495,7.025935281626481,20.47168760795137,8.249226615022698
43,RBF,1.973488318685196,4.570447912404011,0.5496344045544621,7.584866080658309,2.847675810943883,10.432541891602192,49.873735398625556,12.656429462596998
44,RBF,13.083078105021059,4.124961888740237,0.3409681708609673,4.2832566212885546,4.388444583569664,8.67170120485822,21.71562943748088,8.795411140246467
45,RBF,11.484038482625172,2.78719236710812,0.9362624635182549,5.153905457007973,2.8919645154056277,8.0458699724136,21.201689902397767,8.370921957229452
46,RBF,16.83245105322918,3.3340931973142407,0.7517589579907288,4.2346544742230865,2.6820963096052672,6.916750783828354,21.496715104114294,8.53231179978471
47,RBF,6.438669465376915,4.519157502669006,0.24417908009747588,4.2393809479833635,4.800919402818492,9.040300350801855,49.18277253821338,10.800331237633214
48,RBF,9.000826542788944,3.955788374110948,0.9418270785186774,5.970726284007794,3.5424778628923668,9.513204146900161,28.052919239543197,8.903348775194718
49,RBF,3.9913740105452113,2.837063032826441,0.5609374055558386,5.361680683990087,4.040266466181162,9.40194715017125,51.77619106127884,11.034007951767679
50,RBF,17.905634979588907,0.5225381414584153,0.28665108312785903,2.597774758157586,2.3097250033155325,4.907499761473119,20.70991543545461,7.579799306629511
51,RBF,18.12845671514915,0.25172646555277123,0.3269163804982001,3.924359799682051,2.1571488184566783,6.081508618138729,22.804594257967036,8.213869942373721
52,RBF,18.207083771268884,1.0753834332158607,0.683226691242091,3.0337083740070505,2.1622299708198236,5.1959383448268746,21.608948741165463,7.853883029853388
53,RBF,19.875044549270946,1.2848214579058617,0.22162334082199464,2.235752636299156,3.622727260128469,5.858479896427625,21.32132952310181,7.951941133929081
54,RBF,19.500549353026997,0.9452036861689684,0.628756840889492,3.04304433035898,2.1899815945495327,5.233025924908512,21.914766703019183,7.811037628520516
55,RBF,19.898277837173403,0.9679182213680136,0.7316571298284675,3.186900818138292,1.9779181607526237,5.164818978890915,22.05750704430456,7.832549561785373
56,RBF,19.723789531572933,0.9973270130594173,0.5598089552612935,2.834934756585896,2.4133455738962613,5.2482803304821575,21.85820070672915,7.8284083278894885
57,RBF,19.0662312147628,0.5029959804754272,0.823847085463404,4.750600934607307,1.3103525458382779,6.060953480445584,22.277031305689583,7.616043685630036
58,RBF,18.780037854167883,1.7212110861527,0.733568976929035,2.995053622513761,2.2757265607279398,5.270780183241701,21.715996101178387,8.20523383198551
59,RBF,13.60014814010049,1.0014294516068152,0.3695391785253631,2.8295798382780943,3.3878730751828696,6.2174529134609635,20.679887714335027,7.620098936965565
60,RBF,16.787218083389767,0.7613918952395325,0.6701349483356422,3.645040340028429,1.8072951607574756,5.452335500785905,21.42677285252683,7.716397436139911
61,RBF,19.831507878200092,1.2980264810203122,0.5425060488694233,2.5825638299471962,2.595220499647318,5.177784329594514,21.72891126401213,7.975634192587033
62,RBF,17.69885616984358,1.8734753689563557,0.5268759292402033,2.8522946463168024,2.8879444532405203,5.740239099557323,21.31331784522047,8.344348655448572
63,RBF,19.83569964921512,0.9780019177989191,0.651257082389869,3.0208700458715225,2.169365751275822,5.190235797147345,21.973272401825074,7.829141717328405
64,RBF,18.16274466089481,1.9013770250636022,0.8394584043115639,3.3107380646551112,2.1322682224499565,5.443006287105067,21.687172717801303,8.288871267188663
65,RBF,19.156267559012168,0.12867385808662385,0.42334430902166625,4.476602815282327,3.2124184944133662,7.689021309695693,24.822783431419005,8.210247479324803
66,RBF,19.665670401362018,0.23529348104232162,0.6677049673934713,6.3485737348468385,1.5335591076445687,7.882132842491407,23.584589451019248,7.817728282009828
67,RBF,16.71079647863121,0.9053720904866673,0.25240520446729403,2.522238423952988,3.4529750237723893,5.975213447725377,20.852545495395265,7.681228441730258
68,RBF,19.905969363464823,1.9568523243248022,0.5140860909785946,2.696516238037729,2.834496957602814,5.5310131956405435,21.84165742045831,8.369504572630044
69,RBF,17.58742460751494,1.3892705344921699,0.6838663034595833,2.9292515667700814,2.3190506391994847,5.248302205969566,21.331269177972725,8.011396635791455
70,RBF,14.085629857208378,0.3334821362348108,0.243497305947195,2.9183407268809387,2.908105418706107,5.826446145587045,20.056032026607404,8.132856781548123
71,RBF,19.625143545062382,1.3360671150967534,0.7249026745917667,2.862423442088202,2.1658211795230464,5.028244621611249,21.843451321423714,7.99507734595163
72,RBF,18.329672109254016,1.8309598335914463,0.7215712864898266,3.066850844738267,2.353442662455545,5.420293507193811,21.627065801625463,8.27112895012054
73,RBF,19.537392538552087,1.2962043607588898,0.7283367591554681,2.883487775771824,2.1457575115880156,5.0292452873598394,21.835585582545864,7.975039563872586
74,RBF,19.91667115970027,1.2475318045109796,0.738673783598542,2.9019374616496947,2.1098335009211784,5.011770962570873,21.92514658973511,7.953321527246606
75,RBF,19.118699776973212,1.8084889503631874,0.6609081822217718,2.894208414595927,2.4611610820569854,5.355369496652912,21.757987736309417,8.26270648061388
76,RBF,19.975023219930844,0.8282915901019515,0.7712554340552445,3.552443015745185,1.7351658287392346,5.28760884448442,22.19522175231513,7.793317954516528
77,RBF,16.368618674452335,1.5411131219195586,0.41942285909804133,2.663482842816235,3.242127940755005,5.90561078357124,20.771831657025057,8.114302997365122
78,RBF,19.604127652473696,1.3743256568689821,0.8074786980858566,2.9936784196195023,1.9990931239670287,4.992771543586531,21.899703781257266,8.014216437708459
79,RBF,19.52081028287854,0.19042648489420694,0.20186263094880433,2.603640862504692,4.217800596514006,6.821441459018698,24.299099626418098,8.74654695629851
80,RBF,19.151756513475934,0.9341511130427923,0.9733302585025443,3.7861805938506006,1.4474994883754382,5.233680082226039,22.13236450924425,7.835897444823095
81,RBF,18.7125101060605,1.4594546854392911,0.7921265496903429,3.0230283817217396,2.0582893031275673,5.0813176848493065,21.70114413766888,8.055329161001191
82,RBF,16.348620035527503,2.105436939233978,0.9547407881377511,3.85452982108298,2.0568630260520404,5.911392847135021,21.280833177076893,8.349666155357031
83,RBF,19.897525327914558,1.5008558878670686,0.756741697847967,2.8936746973421315,2.146129881949884,5.039804579292015,21.921369723236637,8.079142429979113
84,RBF,19.70520285390752,1.473775869923275,0.8412214972868696,3.040927287490005,1.9631890466508894,5.004116334140894,21.945275674626792,8.063688705021246
85,RBF,17.966117399725743,1.8067708128225393,0.8505632155848833,3.3001257596490365,2.076075117843773,5.37620087749281,21.623110742530407,8.240413802730217
86,RBF,19.742317933655716,2.5198005907431655,0.9205860041813883,3.6322327704259,2.1921420456548817,5.824374816080782,22.215351948027852,8.450275946233608
87,RBF,19.214627988431793,2.0434104779639677,0.8106092196752416,3.2418183151562747,2.2296827774059484,5.471501092562223,21.944327778927203,8.349757438961397
88,RBF,15.63139161967936,1.157085140620458,0.7780736884964342,3.3733020363737425,2.042309341007319,5.415611377381062,20.90600171641464,7.84493102470248
89,RBF,19.739955655021348,1.1772914213253725,0.8777162646490919,3.199101418434509,1.791110064680654,4.9902114831151625,22.018771349608315,7.926018468359342
90,RBF,19.795223612498347,1.2578892347802961,0.8423809932279661,3.0796484112636318,1.8928778088204021,4.972526220084034,21.977646345437073,7.960451017410128
91,RBF,19.882819336758292,0.9273482289077217,0.8262836536285183,3.4533223475466075,1.7426396276608598,5.195961975207467,22.157061486728125,7.826737117325867
92,RBF,17.181847998310058,0.4610765504376132,0.8557868339257804,5.277306492165184,1.4298598305121784,6.707166322677363,22.01270229290576,7.615240002526199
93,RBF,18.44022024778339,1.5511492628123962,0.8444774162765,3.147491360541353,1.9805410046527006,5.128032365194054,21.686255153675162,8.102454279598149
94,RBF,18.705731747477426,1.5190574685874139,0.9355867657923527,3.2760484500306206,1.783810731479077,5.059859181509697,21.80971847584011,8.083888289007904
95,RBF,18.5135697278659,1.0108173556441895,0.8917386271161531,3.5055561129652486,1.641636146491234,5.1471922594564825,21.88583302798868,7.84652131283618
96,RBF,18.942720511037603,1.12212252070913,0.36049149435007444,2.4577033645689825,3.10648778019641,5.564191144765393,21.42130764399554,7.863733809204382
97,RBF,19.598259475405143,2.0933645110629904,0.8167249253033412,3.2459254545517835,2.236091496002284,5.482016950554067,22.038093215383498,8.364180002639754
98,RBF,19.662607352228047,1.530183933646021,0.7201559791226301,2.8527580043882654,2.2328387379190477,5.085596742307313,21.852256082650186,8.096466876350757
99,RBF,2.2912583716527024,2.1008053298457514,0.9504875304027786,7.00476413737175,2.583640735211063,9.588404872582814,45.14927868454118,11.663542501374556
100,RBF,18.968323491476095,1.3096215663288877,0.8462181863274401,3.113803993913684,1.8907062598307625,5.004510253744447,21.80784952523357,7.98035251689194
101,RBF,19.82507455707935,1.7824333140030848,0.8689565961000223,3.162289279136619,2.0223573645776063,5.184646643714226,22.045264535027247,8.21858658459324
102,RBF,19.90680796037333,1.3225799548764916,0.8419112363102845,3.0469520364778946,1.9173934613021801,4.964345497780075,21.984985354691375,7.99062049753803
103,RBF,19.86218935579867,0.7380095289197154,0.8909074644512475,4.087819020084907,1.3868394208620243,5.474658440946931,22.33641922428544,7.784670664234265
104,RBF,19.9305063917684,1.6144324979360738,0.9491166715224707,3.23070594149306,1.8151294536397427,5.045835395132802,22.079306764165548,8.131597712987329
105,RBF,19.920739386626824,1.1910767316529969,0.7601642325995888,2.971957072561546,2.0433248137992237,5.0152818863607695,21.960333918288523,7.927971995427092
106,RBF,19.945111819483717,1.220285250701347,0.8855319531047324,3.1699092173609213,1.7981174127313868,4.968026630092308,22.04435070359094,7.946009678779044
107,RBF,19.26589840216251,1.2981168096198281,0.9051984478816665,3.2028987303393404,1.770564573103833,4.9734633034431734,21.913422477836942,7.978047978163951
108,RBF,17.437237352750852,0.3295124765156363,0.9685960603383189,7.01872231244742,2.3841796555345347,9.402901967981954,22.90670118008491,7.661211945414872
109,RBF,17.064765273783966,1.354772255822621,0.9776379599519807,3.5030132199497266,1.6385636043019907,5.141576824251717,21.416676073918655,7.986003691444607
110,RBF,14.476355060172104,0.8269440116126373,0.917226396081475,4.366616899948605,1.373038013791468,5.739654913740073,20.905430007971766,7.681953744309347
111,RBF,17.49557598596403,1.0597544004681583,0.8501520419527682,3.423770163639192,1.7550633180109723,5.178833481650164,21.575245703762477,7.846556711517517
112,RBF,15.86288663939029,0.3678511448307529,0.37730890751230933,3.5898159469801785,1.7378838519112105,5.3276997988913894,20.889256042437218,7.684230772039147
113,RBF,19.6780888302065,1.5708403141896725,0.8826054627773069,3.12554092660195,1.9153992166674547,5.040940143269404,21.98153465966177,8.11200660746638
114,RBF,19.235221540369892,0.8544484761060969,0.9363545922273105,3.8983357533063243,1.4378398685998766,5.336175621906201,22.186980080475465,7.8104111346797715
115,RBF,19.777696193213615,1.3977225939179785,0.9045283996319106,3.1459581373862124,1.8166437652818868,4.9626019026681,22.000208941315638,8.02660632600332
116,RBF,19.747269015811995,0.8962208445779863,0.9099566206091153,3.7058426641467435,1.5492681056255615,5.255110769772305,22.22076018749804,7.8242153508030325
117,RBF,14.856262350955195,1.5648588273872015,0.8222302240840962,3.544639054579626,2.2120264350562313,5.756665489635857,20.60712364272801,8.071489443850886
118,RBF,18.22104434728912,1.291989155387464,0.8484937437759323,3.1771975480561054,1.877683063953964,5.054880612010069,21.643257746404995,7.965803155190438
119,RBF,18.707639848013784,1.1700762983322113,0.8837098458467362,3.2779897931471815,1.7538870532793223,5.031876846426504,21.823774427671953,7.914845242797358
120,RBF,1.8269817054913613,0.9167388421081573,0.38637301454770734,4.793743235803574,1.906362509543235,6.700105745346809,57.04630837316195,12.302333171217645
121,RBF,19.142437855455672,1.2176311460480849,0.8085510778977698,3.079314642435805,1.9386950225569504,5.018009664992755,21.8405669190172,7.93707693474687
122,RBF,19.59309170867848,1.717882659771045,0.9539585915932007,3.293565023821049,1.839476189085262,5.133041212906312,22.041161042826587,8.18292701395772
123,RBF,19.55571080626367,1.2623901135113555,0.7880435878407253,2.9962814901561945,2.003601143520532,4.999882633676727,21.89274867279713,7.959930719594458
124,RBF,18.39189782082372,0.5039464025747068,0.3626471065313628,2.9162961152443243,1.9024672653674042,4.8187633806117285,21.16189449844765,7.528261497474098
125,RBF,18.790846114137633,0.7157247759856077,0.41337140221915764,2.9093984549543546,2.367652033739314,5.277050488693669,21.4988649777751,7.722270565168049
126,RBF,15.812065122776792,0.37358509288424224,0.3773978969226831,3.565001266439199,1.7499731849724536,5.314974451411652,20.83074821285131,7.669943516567785
127,RBF,16.385942658524705,1.0808683320737993,0.30822821260386946,2.5316599873421075,3.4381576264706872,5.969817613812795,20.865457528513,7.775630238737107
128,RBF,18.344346810711777,0.8338954154634656,0.2964234367071141,2.5856642472664344,3.053722183059701,5.639386430326136,21.229220653984626,7.727708641594559
129,RBF,18.780958657589004,0.2432531027269791,0.4085501738507566,4.5834696035976945,1.7605247344607036,6.343994338058398,23.13825853502064,8.047349699564387
130,RBF,19.508169359377707,1.1896676760523066,0.9205969704372422,3.2799131379287,1.705946893728939,4.985860031657639,22.00151994540136,7.931944933094937
131,RBF,19.283531136095334,1.2027458606984647,0.9151678397752511,3.2731418672293895,1.715713779019023,4.988855646248412,21.950406526680904,7.935746088498292
132,RBF,16.56148960103819,1.4483731289282684,0.9687787080284717,3.540931649629579,1.7119757979612962,5.252907447590875,21.250714594903695,8.027958270872894
133,RBF,19.624266777142584,0.31455458200049624,0.8489380012080384,6.386618777541117,1.9539885164300277,8.340607293971145,23.10130746228769,7.569778072393257
134,RBF,18.78680915525311,1.527977245461579,0.9859739003348672,3.3585281209711297,1.6927047924152465,5.051232913386376,21.863045620193432,8.088110968042532
135,RBF,8.332471865578306,0.5328373719609805,0.4230537520201996,3.274611025508471,2.8882696232424023,6.162880648750873,23.079925609976222,7.842604982474859
136,RBF,19.967307322521552,1.207342712255874,0.8602340623758906,3.132777434177416,1.8435310703561616,4.976308504533578,22.034884515134014,7.939425458917081
137,RBF,19.62095489755044,0.9560115771896903,0.9100574337466109,3.57972048525548,1.5979137649082535,5.177634250163734,22.153421256131647,7.841623664241218
138,RBF,19.7666221606468,0.9741739154608131,0.9927537071807397,3.7041843744897607,1.4716339199167374,5.175818294406498,22.219953260578052,7.856884499906089
139,RBF,18.573259425207986,0.42187390410427894,0.3186769605344818,2.899655033457139,1.8849990948088227,4.784654128265961,21.284267070448237,7.492300906090412
140,RBF,19.143422663225593,0.4571532292204603,0.33537760495942825,2.863813405328311,1.8458427886026314,4.709656193930942,21.370140819927794,7.455076292826745
141,RBF,16.306471638716324,0.46649339059552103,0.21437841303790503,2.3986895213757604,2.8695055953055126,5.268195116681273,19.896003322992037,7.691968435133471
142,RBF,19.068954099993125,0.49512676135619305,0.2873110700488982,2.5880717984927637,2.124927725010954,4.712999523503718,21.090126477089722,7.49876494714443
143,RBF,19.819725649223933,0.5489641391365346,0.3763050781685136,2.8512970239424025,1.9237160695919373,4.77501309353434,21.52419119189804,7.555702864710144
144,RBF,19.47805395463921,0.6334412105659587,0.3556900171200159,2.746100524763582,2.270429828877734,5.016530353641317,21.425485374209842,7.673374788067094
145,RBF,18.922112361620407,0.11101015363986111,0.3183018599196931,3.8138474960925235,4.019355582814882,7.833203078907405,25.04344814836608,8.309759822222835
146,RBF,19.95017362645632,0.8288844644410052,0.3800235788431386,2.708426247466988,2.6981696159638204,5.406595863430809,21.72344989071563,7.759384059679404
147,RBF,19.921728045446965,0.8642208964895257,0.24348353592843228,2.4437603728858397,3.2187315265095546,5.662491899395395,21.43486050776163,7.757533176280218
148,RBF,16.264210505496116,0.13960971199114702,0.4756146927897918,5.503873009348307,2.1930957480408613,7.696968757389168,24.277387008670587,8.424993210102585
149,RBF,16.627607029112283,1.8415568156763125,0.26505879879022676,2.5654846484378817,3.8717298176671613,6.437214466105043,20.808309056022107,8.385458250627364
150,RBF,16.835228011379538,0.986429299283725,0.3790931130891071,2.68181984068026,3.055520924791899,5.737340765472159,21.044038783577456,7.744633990169991
151,RBF,19.07922545294861,0.6302176635919248,0.3471061365062158,2.7317441795412924,2.307681622211524,5.039425801752817,21.305026473927462,7.674092557130632
152,RBF,19.201254543864476,0.1744466441020024,0.3030477661682134,3.4850527751401374,3.5012004245096917,6.986253199649829,24.42276801223411,8.460415392131972
153,RBF,19.79361751505298,0.7187152919085287,0.4468364172641532,2.962169813492301,2.254329954642143,5.216499768134444,21.773633080175145,7.731944567257101
154,RBF,19.689284916589852,0.10368479358690824,0.2949559796764942,3.671303809811705,4.311189427857911,7.982493237669615,25.106731418609236,8.22778555301936
155,RBF,16.115336861742296,0.7005455335732703,0.3632447807379604,2.8990862382591507,2.6659477025709633,5.565033940830114,20.670511561111898,7.688100770106265
156,RBF,15.952116262334691,0.38483577092280763,0.2283168040573626,2.5889845484938676,2.7530731252314786,5.342057673725346,20.24075620495789,7.835623936157878
157,RBF,19.635406678488604,1.6088576474811758,0.31106389688764063,2.310377811490883,3.354325003938783,5.664702815429665,21.40550794183325,8.172126719001179
158,RBF,16.671769881508105,0.770966229391862,0.3598230780907141,2.828651335929344,2.7992353567326114,5.6278866926619555,20.91394851656451,7.688780738098299
159,RBF,7.211789784714972,0.22842604938374178,0.6869614435893798,9.062839706662519,2.2147065235500865,11.277546230212605,27.700103725282982,8.370930921533432
160,RBF,19.4225348136109,0.2731465281069153,0.4788574545449878,4.798041834687666,1.4686346666280687,6.266676501315735,22.923266095488124,7.790828600582874
161,RBF,19.92762873575656,0.9577528056124258,0.8948254869132581,3.529259195939348,1.6399656638800302,5.169224859819378,22.19164334103013,7.843610284881386
162,RBF,19.95773789945145,1.6133065489273104,0.8553012178527826,3.072913798750554,1.9869951295719546,5.059908928322509,22.02221432971457,8.133760060058066
163,RBF,17.283762230064347,1.6972143552498573,0.9001437653753138,3.4060155384174773,1.9464143604288102,5.352429898846287,21.447658665220704,8.175596035302936
164,RBF,3.756549093954492,2.0843275903812057,0.20650450290951539,3.7782741422591664,3.9104379225386565,7.688712064797823,54.09503382180472,11.190217259145617
165,RBF,17.823360249888246,0.7268266486020515,0.3289816549960607,2.713388256599269,2.7319833639554036,5.445371620554672,21.07122340903942,7.715221116253248
166,RBF,17.697491237836577,0.9732976916667502,0.27192055653916886,2.4852091012736977,3.3862240640827896,5.871433165356487,21.095637566992277,7.739626484447682
167,RBF,19.470515704806367,1.6882006445790756,0.8793795526322412,3.1678672860443067,1.9621694833776835,5.13003676942199,21.962183473366906,8.172522538937761
168,RBF,19.792153655532477,1.743823352441332,0.993812862431803,3.3551215639192558,1.786189426433363,5.141310990352618,22.108726305113308,8.192796604791926
169,RBF,19.924443840179983,0.9427960922312213,0.8997991491994412,3.570477723708173,1.6182477866471574,5.18872551035533,22.205831415931662,7.839134596603212
170,RBF,16.478813577272987,1.1163751441334377,0.863446494215717,3.479526355962097,1.7730781920075283,5.252604547969625,21.25692932460045,7.851859298912706
171,RBF,16.755147692236065,1.3217912393884166,0.7794629617656738,3.1799955196738328,2.082922269484974,5.262917789158807,21.183456296151007,7.961162207101476
172,RBF,16.22695769591489,0.5426855353365717,0.7604419044762389,4.579439413699173,1.2199565076817094,5.799395921380883,21.44539220743722,7.674320077911856
173,RBF,18.882791526825425,1.0079091469593013,0.831357753525323,3.3662415416888103,1.7729191353659302,5.139160677054741,21.920534101120605,7.845132814200256
174,RBF,19.648734056777272,0.8805274293615097,0.2960383425135638,2.526181711348445,3.069703585484329,5.595885296832774,21.518564486796702,7.759776131721636
175,RBF,19.34525214113064,1.7305610994965401,0.8783668494942372,3.191083203007857,1.979315054272282,5.170398257280139,21.945764483230164,8.194580543095297
176,RBF,19.6964230936504,0.6903707895040025,0.8277221270945874,4.067982601684293,1.3963558774550309,5.464338479139324,22.272767682677948,7.762022933800712
177,RBF,16.70638577711621,0.33826962796973936,0.31853659670970114,3.315604800683413,1.9837534941494248,5.299358294832838,21.257947993365136,7.833695480307589
178,RBF,19.870936223304188,1.8840192832900131,0.7819497986595355,3.064981159125201,2.2260761050414,5.291057264166601,22.021104150300964,8.276958879243288
179,RBF,19.96733506386638,1.1188958174749566,0.7896624920035066,3.0842553199799947,1.951126885084286,5.0353822050642805,22.021712401887967,7.897921116796444
180,RBF,19.91946728414978,0.718306902193248,0.2983203248180945,2.570536087371884,2.6971363232279066,5.267672410599791,21.446411165231883,7.728521097835321
181,RBF,16.026433075398252,1.0338312662811708,0.904745440918012,3.715303220064307,1.62065524043312,5.335958460497427,21.209744034259955,7.805113918111236
182,RBF,17.115755419821895,1.3747542564775683,0.8437343332741127,3.2512688832898173,1.9397413896112838,5.191010272901101,21.329874031960905,7.995787907197426
183,RBF,19.95241280065411,1.597401186853951,0.775848853887539,2.93992720644487,2.1373757145046053,5.077302920949475,21.961787745671018,8.12900650120976
184,RBF,18.921669554192093,0.9909459366234616,0.8226837585344368,3.3750854647876256,1.7789883228637804,5.154073787651406,21.934208277857934,7.838333765087945
185,RBF,15.989322012515588,2.2894972958522954,0.8014457398100626,3.7778189833697797,2.467565520080768,6.2453845034505475,21.101563975895488,8.447196147313749
186,RBF,19.996084856370334,1.8102200284689092,0.8890884995182239,3.1949163766603386,1.9995722378084628,5.194488614468801,22.09611574025825,8.229213074902415
187,RBF,19.578228272723546,1.1783043954763726,0.9481961502756007,3.336272267515499,1.6511865119324287,4.987458779447928,22.03733349654283,7.929057778730149
188,RBF,18.11566456809826,1.2462514710557309,0.962208701599024,3.4145711802996845,1.6203013551925527,5.034872535492237,21.71320249870221,7.9464630086513175
189,RBF,18.025717090899008,0.34274451279354007,0.3660285833608149,3.5410330656127034,1.663020743264229,5.204053808876933,21.750498552087485,7.676095284005916
190,RBF,19.780912084117656,0.7263301662583306,0.8773917331990125,4.092114870658619,1.385518393060056,5.477633263718674,22.318156080860504,7.779517709566322
191,RBF,18.396917443223245,1.2765375704096813,0.9381863084262125,3.332337361980811,1.6838409616048542,5.016178323585665,21.754318685938472,7.962525923455458
192,RBF,18.45923697217588,1.1992585913517333,0.8810897009946137,3.267479663712665,1.769603835001348,5.037083498714013,21.75383855425863,7.925257837568068
193,RBF,19.92842328764142,1.6296779632501124,0.8976446950933479,3.1490109619031763,1.9133796674525423,5.062390629355718,22.048587966262062,8.140573698555071
194,RBF,19.91603397674173,1.547384386936436,0.8749594536751594,3.093467441532884,1.9259390897491386,5.019406531282023,22.016440150120125,8.099970696368395
195,RBF,19.871003870131123,0.18240552720533965,0.40453022791946114,4.357419075876488,2.6787827084218656,7.036201784298354,24.241091614542718,8.163484787532095
196,RBF,19.439973158733608,0.37730553171934744,0.9922659883551211,6.315501880370118,1.999626344458194,8.315128224828312,22.926678955985572,7.551920751548698
197,RBF,17.113236430569962,1.1815609927276163,0.4478915076176103,2.639961304143083,2.9471018730413796,5.587063177184463,21.068212106744213,7.8801109330657475
198,RBF,19.955697667900576,1.4236249909751657,0.8885946475719645,3.1061235251434187,1.8596565285495736,4.965780053692992,22.02121516002933,8.039073614059195
199,RBF,19.98706666295893,0.8137043546867484,0.9238506384213855,3.9404644148740693,1.4446092333380045,5.385073648212074,22.3320220578684,7.806736713067879
200,RBF,19.920179282512844,1.9051204210375743,0.9960552360885536,3.4164725626711143,1.8540548079563706,5.270527370627485,22.169512522949667,8.2636913366199
201,RBF,19.719477755490956,1.074418395721657,0.7781205795595277,3.12538755451392,1.9474471917972112,5.072834746311131,21.994784759138614,7.876709345624035
202,RBF,16.48335495800857,1.792117135563553,0.7869859663402272,3.360933625441082,2.2761063917534625,5.637040017194545,21.14840958239958,8.239049556414555
203,RBF,19.6320536469354,1.3397520621829706,0.8122243221666912,3.0066520725597785,1.9786918065461463,4.985343879105924,21.911322377808492,7.997503321920425
204,RBF,19.86704071398193,0.8531712110893657,0.8300935634344506,3.6296727927262813,1.651858344792564,5.281531137518845,22.211229855529496,7.804973503411202
205,RBF,16.857416922793654,0.14104875326859573,0.34256797855383636,4.10096068189688,3.285901820632046,7.386862502528926,24.555370813686004,8.615807426446855
206,RBF,19.79888531043297,1.2691193199078024,0.8288596078822561,3.0505513554964523,1.9242316115545723,4.974782967051024,21.965955119392103,7.965201256975734
207,RBF,19.974966262020313,0.8450363764883317,0.975848405386245,3.971614581960871,1.3987926697154633,5.370407251676334,22.34450094919915,7.820097084809118
208,RBF,19.98325639527939,1.2200742957274588,0.3788564485815478,2.396933396936921,3.0396135813291036,5.4365469782660245,21.601283239654116,7.929196723310363
209,RBF,19.86501200645849,1.6323260763365546,0.835317331083254,3.051141032333578,2.0305801195153275,5.081721151848905,21.995474456157456,8.144698976467554
210,RBF,16.585814264485677,1.0684535727118563,0.9936371855436724,3.789394713844251,1.4516098105898547,5.241004524434105,21.4169503402711,7.843148509157152
211,RBF,17.75265342140696,1.3798806647689175,0.8472699756917335,3.1958316692648454,1.9195191998734529,5.1153508691382985,21.508757878108753,8.005975639374324
212,RBF,19.761607616741482,1.5575323552033318,0.9090591712667645,3.161907971733239,1.862529008278594,5.024436980011833,22.012871438889466,8.10460645545848
213,RBF,19.854617507863704,1.3143727748805303,0.876356933566442,3.111710192642937,1.8455457545818679,4.957255947224805,22.001059191265973,7.987388717440726
214,RBF,16.82775206104475,1.246150219742755,0.8291248448255696,3.2854542628605334,1.9229819148871343,5.208436177747668,21.266638689077,7.922662582606277
215,RBF,19.913485163280836,1.3187130442956594,0.7818205059825464,2.946144468643103,2.039484679945884,4.985629148588987,21.94291614995015,7.98785385949584
216,RBF,17.65756593230229,0.2927295024945935,0.2268998821967006,2.8532280691705014,2.795384029991575,5.648612099162076,21.890202013975767,8.305709715619866
217,RBF,19.524940324336615,2.620397277852706,0.8596790292154632,3.61075168436535,2.3172633662967224,5.928015050662072,22.14497632396443,8.479037307118743
218,RBF,6.6939309127418305,4.978303562778857,0.5690505149440115,5.417826583653609,4.330191887284134,9.748018470937744,44.07179998800369,10.536006703147137
219,RBF,19.72174659609087,1.2756594168520665,0.8054935594096052,3.0114749619299115,1.9733479729450834,4.984822934874995,21.933516458572395,7.96731675018179
220,RBF,19.17035661551202,1.606470761226893,0.7962246905888576,3.0255645704058307,2.096572407432208,5.122136977838039,21.824391956068855,8.13506058371234
221,RBF,19.570304324348598,1.3702289048554852,0.8612295622101006,3.087694776873128,1.8877331451219181,4.975427921995046,21.932588005702957,8.012497185103678
222,RBF,5.467910557619861,4.456963840135597,0.7799146528503046,6.329663117873429,3.894863609829838,10.224526727703267,48.545442623359946,11.211250217033324
223,RBF,19.85306406874736,0.5805989019312868,0.7096533859497888,3.999232783594009,1.3739089266040432,5.373141710198052,22.184574613178242,7.671084679376726
224,RBF,19.84080027705206,0.7561232894406261,0.8197295567551515,3.8569706803644683,1.5256812863513807,5.382651966715849,22.258389439643043,7.779958764869377
225,RBF,16.93643380250943,1.532778319024863,0.9206446072071327,3.4239813768610436,1.8419650238416625,5.265946400702706,21.3346484717115,8.08011589940038
226,RBF,19.37015194430654,1.6687702461850118,0.7991160319831558,3.036354791916785,2.112125553815943,5.148480345732728,21.88142526547042,8.167924081620825
227,RBF,16.225085530533555,0.7127393087006414,0.8005477692654652,4.174204370421682,1.4102722201115356,5.584476590533217,21.435057081820304,7.717370691259617
228,RBF,19.04970251344086,1.2877140718074933,0.909852605396539,3.22937395002147,1.7536719361548843,4.983045886176354,21.875026554915813,7.972059838210214
229,RBF,19.739035250998977,1.1555362880728521,0.8250523719011977,3.1231198923438503,1.888405342451345,5.0115252347951955,21.99068446858937,7.914056134424502
230,RBF,17.511446981633664,0.6849969443742858,0.4020317607318718,2.9519424379529267,2.3791995900817904,5.3311420280347175,21.128168166284443,7.703450938875368
231,RBF,19.979686919773325,1.785934459521939,0.9296299770722875,3.2521446798867464,1.91800459688985,5.170149276776597,22.112819705373305,8.214984149791578
232,RBF,16.277372639455056,1.5899798077597582,0.9022561805865326,3.4908320662917376,1.9352002159021604,5.426032282193898,21.123887770577063,8.106102691086036
233,RBF,19.929813754477074,1.2608190569652573,0.7868521942042377,2.975868403630353,2.010916868566468,4.986785272196821,21.9604657036257,7.960778849274278
234,RBF,18.971030042745323,1.3511198691243362,0.7534484191431257,2.9444775417780202,2.1072243857883235,5.051701927566343,21.731226416462018,8.000152521034599
235,RBF,19.957967872444478,1.6526621388773877,0.8313152598973462,3.0449996749964097,2.0467670253859382,5.0917667003823475,22.014081872738494,8.154980285672547
236,RBF,18.423328158462,0.9470921154563576,0.21935250161905023,2.4043712487224562,3.520467395922654,5.92483864464511,21.128753207232286,7.736604187100167
237,RBF,19.72532544828612,0.523246904387815,0.33847291847256433,2.7375096153523546,1.966853302621286,4.704362917973641,21.402511830182355,7.510753770535492
238,RBF,19.632866494119952,0.5564923793318572,0.39361552803706074,2.915093850778884,1.903437353098206,4.8185312038770896,21.530783051985523,7.575108877536016
239,RBF,5.785970670455949,3.0817909049144236,0.906512387625389,5.321386510721744,3.7585641181435245,9.07995062886527,42.61844845986745,10.032750400944423
240,RBF,18.834891752375817,1.0579546162508047,0.46583986838873614,2.6524949049686732,2.7375581263233997,5.390053031292073,21.55474123070018,7.837950174936516
241,RBF,18.96916673470568,1.099425835799665,0.3542480967952923,2.4632877427704982,3.114165067639856,5.577452810410354,21.429959952951698,7.850148967350189
242,RBF,19.818490664577933,0.24962535413506498,0.34058840652730926,3.9558436688780785,2.1321391290241825,6.087982797902261,23.14825681166851,8.05426127097652
243,RBF,19.07963495896447,0.4983938154596399,0.32163631701401024,2.725403387322969,1.9939174339988446,4.719320821321814,21.21631026906379,7.497209261517791
244,RBF,19.779999618114832,0.6364172528719747,0.35233422197738906,2.7258660207414134,2.277708631077515,5.003574651818928,21.483722921820647,7.673174665546248
245,RBF,19.111830801416332,0.14289340719832394,0.2311468552201584,2.6381173727048983,4.611069257146768,7.249186629851667,25.074513082675363,8.69718367993789
246,RBF,19.737307924335955,0.5783050224729767,0.36197092832514755,2.7778967947550646,2.0601481347470667,4.838044929502131,21.46461365225303,7.601777938810139
247,RBF,19.180572576894804,0.6918182478618716,0.4000807827202788,2.87225337023704,2.3268239693640047,5.199077339601045,21.533939178284264,7.715631861740665
248,RBF,18.40851192732544,0.1273395354466026,0.41043919080233,4.517120331224357,3.159070888858553,7.676191220082909,24.79579457741602,8.293595161422665
249,RBF,19.72303179881834,0.9667166281886608,0.3771368936881183,2.577852509783695,2.909339351563488,5.487191861347183,21.663394248793743,7.797529183413674
250,RBF,19.933228424587064,1.1162123069275527,0.38060783306492135,2.455685006894022,2.9975520505892503,5.453237057483273,21.638932345684108,7.871910717548004
251,RBF,16.86120499170747,0.8692196074867671,0.30210489994823475,2.6315913252581704,3.1877261308822433,5.819317456140414,20.93853964796922,7.689671236361236
252,RBF,19.28094764911809,0.19872494440702643,0.36595322258087276,4.211643045186128,2.5784303720500854,6.790073417236213,23.938699173568416,8.23980266002048
253,RBF,19.10758405474143,0.8618547026105756,0.27950225483942864,2.5205582905700203,3.1234632168715577,5.644021507441578,21.36813631175116,7.7453460734588155
254,RBF,17.100410176598597,0.5713246553293176,0.439575525840265,3.1956289524239074,1.928850062548173,5.1244790149720805,21.00124040403566,7.644845727787711
255,RBF,19.83326850901668,0.3196208550737681,0.370104798231668,3.6589196496270153,1.661763274991793,5.320682924618808,22.3599580162196,7.670249707389915
256,RBF,12.81361880360765,1.1226873088874627,0.28481261827141613,2.541835465871758,4.001021196065619,6.5428566619373765,21.451114947816095,7.6983180386271695
257,RBF,19.244963338202055,0.6663089943415781,0.24563782840395815,2.4210456562384066,2.7836561819325194,5.2047018381709265,21.020826772949867,7.71123497556039
258,RBF,16.628295016185813,0.24785341568870578,0.3412072982636947,4.1514536650305915,2.0676289967964023,6.219082661826993,22.499821889415283,8.32240037381267
259,RBF,16.603213659188643,0.8130450186876953,0.2996703518073192,2.6638424288015723,3.1205056908077657,5.784348119609338,20.822526669383322,7.681953527212812
260,RBF,14.60811685664258,1.1185348504280381,0.4994514808440957,2.97256521939609,2.9224052878364315,5.894970507232522,20.550244924145836,7.7698884931005505
261,RBF,18.776912251563083,0.32902888476485215,0.5003877159049224,4.4248695853996995,1.380861560712218,5.805731146111918,22.31844542536738,7.587212940062418
262,RBF,19.78949216290015,0.9228895194329525,0.2872486679681925,2.4830539894477437,3.1551226032207684,5.638176592668512,21.533625101830363,7.771477376209752
263,RBF,18.291414266996462,2.524873112477512,0.7236130653759629,3.473726335159205,2.5743405890213746,6.04806692418058,21.73763131464005,8.521202251946509
264,RBF,17.329140569312433,1.0452334079505794,0.38012345173156936,2.608771619347195,3.075948026988176,5.68471964633537,21.132557966492833,7.792034265794676
265,RBF,19.560789940706666,0.3367939176926222,0.36137279255175664,3.4917737160067963,1.6663352578691644,5.158108973875961,22.146710618087987,7.621157186630878
266,RBF,19.78473899463837,1.9617067020344474,0.7059155357084201,2.990610160008348,2.406538921008789,5.397149081017137,21.97133755157587,8.328023330761546
267,RBF,16.658431230742003,0.18216349628320344,0.2665320166455697,3.5020946022570123,3.4377963000954836,6.939890902352496,23.879391161797585,8.820989598096881
268,RBF,19.47114519094162,1.0247547399539365,0.5170848195121889,2.740514285434895,2.551884201403325,5.29239848683822,21.75378019875689,7.834218308019743
269,RBF,19.892582003124357,0.26841886316898084,0.322691504429755,3.7130137813066506,2.0964906227681173,5.809504404074768,22.875481120564594,7.999052517226389
270,RBF,18.578198579148662,4.5179809009043765,0.23291082376024658,3.5756677004672257,4.1777951720612,7.753462872528425,21.284394875938446,8.960168966838522
271,RBF,17.603954698228716,0.8584004502287835,0.7776071053040594,3.6303001550021428,1.7158892178032843,5.346189372805427,21.704054728662342,7.766708360766202
272,RBF,19.926561430852832,0.9557712717672407,0.7889886438369899,3.319899167184426,1.8458449892327164,5.1657441564171425,22.115403542096125,7.833359466906167
273,RBF,16.34445258678299,0.8932768158161075,0.3495319743774596,2.733692661494536,3.0793106237152386,5.813003285209774,20.908038560629603,7.683099783803059
274,RBF,16.82794993774743,1.5523331605956303,0.717797118366788,3.0911707928168597,2.3289982074651743,5.4201690002820335,21.148765097158105,8.100992070762246
275,RBF,17.00375951905638,0.6230522059453639,0.39543230216725483,2.990796185269958,2.2534106992136147,5.244206884483573,20.890237973029038,7.682635504411243
276,RBF,19.87532233825029,0.5136910267653249,0.4057962228720987,3.015115632824401,1.7439386010722793,4.759054233896681,21.640162368438276,7.5008807794513706
277,RBF,17.968321647246718,0.13192803041154083,0.5500944369354432,5.824540444641957,2.128984624348177,7.953525068990134,24.58631350883128,8.186362544936587
278,RBF,19.074789582672405,0.9892433122612596,0.4096207680771141,2.623744848859738,2.848839673771648,5.4725845226313865,21.57423470383585,7.801778877118946
279,RBF,19.653877952459986,1.1748309418297755,0.4321088265373684,2.491680277894934,2.8726452816134507,5.3643255595083845,21.621228398436926,7.905653141686001
280,RBF,19.764384406917873,0.1505813051646826,0.5095546465155447,5.064594080319112,2.5350797819340842,7.599673862253196,24.581001237111025,8.082838640607884
281,RBF,18.982945737757106,0.3567997894635918,0.3847336172228342,3.526070221120812,1.5782952116961293,5.104365432816941,21.927808183329557,7.55685852779564
282,RBF,17.70640995430569,0.5614988996285412,0.3389218815110486,2.782803192229542,2.2168523543837733,4.999655546613315,20.854843526935117,7.625035441666545
283,RBF,6.099537547943236,0.278323162589289,0.24650937101388853,3.762620671407121,2.5530854819801196,6.315706153387241,24.09006343686007,8.188802953853598
284,RBF,16.827630488178105,2.5130241124103465,0.8902873678883461,3.94152738776265,2.2949266038713874,6.236453991634038,21.451320151679848,8.460629408925476
285,RBF,19.410284363289193,0.7965839667135423,0.348521237243494,2.681217680352616,2.7475765522919833,5.4287942326445995,21.547482570153946,7.744207833230131
286,RBF,19.74062846039504,0.9986813350368355,0.8768633825679181,3.4253960745782446,1.6978962928530263,5.1232923674312705,22.11887374661074,7.854635081911577
287,RBF,17.654214122174146,1.5709271435260785,0.8523865789420192,3.237860750383648,1.9851015102001437,5.222962260583792,21.493810283186377,8.109926978875645
288,RBF,16.592518241273513,1.3722702536029012,0.21867649172320153,2.3413940300550924,3.9523793800003584,6.293773410055451,20.78536147093989,7.999058302561062
289,RBF,19.779320015405908,1.016701611285824,0.33282318428121627,2.4736616069196407,3.096546684261198,5.570208291180839,21.59161700635785,7.813987896865942
290,RBF,19.969101293336344,0.3102606601365676,0.43724330667119143,4.148467931394565,1.4971165330897311,5.645584464484296,22.575964114993237,7.63486506284145
291,RBF,17.30893188893331,0.5656415665393641,0.267827581294836,2.5243410305220753,2.5937126794043,5.118053709926375,20.437831280190146,7.660430757410322
292,RBF,19.870587160712862,0.12208939701941057,0.2151289346022722,2.4939027844013912,5.030817118003471,7.524719902404862,25.32564725334509,8.538633981005601
293,RBF,19.77634882783083,1.4783710956933402,0.883385779739879,3.107848707586244,1.8836894475502952,4.991538155136539,21.988478975575838,8.065602583314199
294,RBF,17.302009600371896,0.9514754202156388,0.41511786451318,2.75001346077399,2.8656346792683474,5.615648140042337,21.20497894191547,7.747476052742815
295,RBF,17.654180933149735,0.20277899995054904,0.3421502415303408,4.206242208572223,2.5340562992727294,6.740298507844953,23.618928707519377,8.43021861586654
296,RBF,19.767461157435005,1.1911915915804971,0.9147373490762982,3.253378625063461,1.7256166964212398,4.978995321484701,22.04349119442102,7.9339276447783345
297,RBF,15.510951999649933,0.5774296236642309,0.9099075996376296,5.060287611302474,1.159897323549338,6.220184934851812,21.438010477630613,7.7193625828444015
298,RBF,17.027192303958728,1.5376375203700603,0.9680305984013002,3.498831156019161,1.7421575949995216,5.240988751018683,21.39614961732496,8.08250146529101
299,RBF,5.644202428382702,1.7628432286845213,0.465441932238422,2.924771021925087,4.0097097199400515,6.934480741865139,43.78424015091673,9.725048496542717
300,RBF,19.963273081718963,1.113859386243391,0.9043321585365665,3.299537512404354,1.7193397860225126,5.018877298426867,22.10396429157349,7.90261624688414
301,RBF,12.983675449852207,0.39977958852706463,0.4146461382506326,3.926384695052414,1.9182230109178855,5.844607705970299,19.79430282418253,7.689975862807429
302,RBF,18.738883506529827,3.5168156703500077,0.5023244065967659,3.5898651467847014,3.1968359518862397,6.786701098670941,21.713996008471586,8.667127215096988
303,RBF,16.4752235518413,1.00302060387136,0.8858177044554751,3.6754110193298186,1.6319909250787263,5.307401944408545,21.36087991367429,7.802377671955956
304,RBF,19.824309785841553,1.550491377130821,0.9255659014579094,3.1844899261778004,1.8310107414513774,5.015500667629178,22.034231944864416,8.100775031945762
305,RBF,19.801989796611743,1.095604946509441,0.2970080059038197,2.3790476182188143,3.2713242943157823,5.650371912534597,21.509883234522025,7.848806282309077
306,RBF,19.271380734654134,0.11844522272609503,0.8342351050209831,7.956780129088339,1.480710649388821,9.43749077847716,24.73238318645899,8.02543179127348
307,RBF,19.73223513923823,0.4826580419293793,0.4120330286426481,3.1149548071877398,1.6559586415673222,4.770913448755062,21.670488675660486,7.458858091207528
308,RBF,17.706029485795767,0.514619523793389,0.47219787587374706,3.393092510977287,1.6290954413566785,5.022187952333965,21.280373196994102,7.571397698436801
309,RBF,19.42650528017206,0.5700560106486307,0.3855928044632803,2.879983164735361,1.9753837640126508,4.855366928748012,21.46249297109717,7.598930613968308
310,RBF,19.45006840661094,0.916299977257216,0.4375576059691569,2.7356172397977914,2.6740309431984133,5.409648182996205,21.711721861998246,7.781649116721146
311,RBF,17.240631030070666,0.3874665956622083,0.4428759041116527,3.7710762437232113,1.4583302328754026,5.229406476598614,21.425381971751968,7.540139129798034
312,RBF,19.767450315471752,0.35911907231236667,0.4338978657003376,3.7564146779631886,1.4677507913477403,5.224165469310929,22.178815213451628,7.482066501674847
313,RBF,19.804054454702744,2.0910455499019553,0.32996521432618875,2.5292482045517533,3.3840221610854746,5.913270365637228,21.66997511898139,8.524983832990927
314,RBF,18.630746398622335,0.6530720833643786,0.3711846435273782,2.8205656890404383,2.324539378789132,5.1451050678295704,21.294081226874955,7.694645591670662
315,RBF,16.564144474284824,0.24632255244261755,0.3769125991446557,4.4712261251156145,1.8364758586244982,6.307701983740113,22.554674390144292,8.261117160088524
316,RBF,19.842721393394044,0.367403028442649,0.3357470048516791,3.1550509713479005,1.7374510645962447,4.892502035944145,21.928338430038178,7.522049102013454
317,RBF,19.572441819719756,0.17098013858434408,0.3095650182756812,3.4644798700101256,3.5617658217686228,7.026245691778748,24.50117954612412,8.41149809078611
318,RBF,15.523027925957905,2.0627846121114293,0.39804829009718873,3.035388719087941,3.569850366632306,6.605239085720247,20.77227139411919,8.549165025839905
319,RBF,19.76467562760036,0.6997007984391833,0.32490776004285954,2.6431923449382375,2.5626555618496933,5.20584790678793,21.47070041301677,7.7192428861600435
320,RBF,19.18064281697521,0.187471183805001,0.3630492438253169,4.134179259505627,2.7809156383182008,6.915094897823828,24.129030163111352,8.288321689557671
321,RBF,19.26383279790781,0.6192660393217734,0.30914633609490877,2.6016360225958293,2.3922909997306703,4.993927022326499,21.21064537853721,7.660904109700202
322,RBF,17.556931903237952,1.5856914708695904,0.32521085711313236,2.44713723479122,3.4724166275772252,5.919553862368446,20.964685906564625,8.16137126628393
323,RBF,19.5633986606273,1.1360558269037209,0.3840402362347578,2.4573852037300425,3.008916195754452,5.466301399484495,21.565723387215126,7.880187142414183
324,RBF,19.698640089736205,0.9618314525325145,0.4020852441285768,2.6206121205789343,2.8274145540620337,5.448026674640968,21.694728822845313,7.798176580002784
325,RBF,15.701962617431084,1.1404551380684003,0.3649806074101419,2.6327933439301097,3.322699421654215,5.955492765584324,20.73583130274038,7.810481617766853
326,RBF,19.31537484262904,4.361010632324758,0.7619464956700092,4.480244093746424,2.5492053472195764,7.029449440966,22.578211571993144,8.576566558905085
327,RBF,16.456256332304644,0.18037499970094412,0.3992098863861203,4.838076083440621,2.2784922963507386,7.116568379791359,23.771244408770812,8.491980970414218
328,RBF,19.59558962621623,0.6304365824451644,0.2721162105924777,2.4762456419355967,2.541738085129104,5.017983727064701,21.161829872924756,7.669650556699503
329,RBF,19.898961530408858,1.0385961363932847,0.46537369123881733,2.6321946901679447,2.700388337211184,5.332583027379129,21.76963054993504,7.840526905865561
330,RBF,19.92191062866785,0.12618804836871333,0.483962268418723,4.88851368731791,2.9825082655634323,7.8710219528813425,24.800208574680994,8.072373693506174
331,RBF,19.71940088249613,0.2748776801100717,0.4148146015629654,4.332503220655587,1.6225752941001712,5.955078514755758,22.87000367047221,7.8304762039096
332,RBF,19.817753987603172,0.892697341001457,0.2364607434382469,2.4249534284997147,3.2962041707490513,5.721157599248766,21.41312001432595,7.7592419873907295
333,RBF,15.743750158204744,0.3393400272186193,0.2504096300480604,2.868995458587398,2.6162235837252825,5.48521904231268,20.67513412986141,8.019458391728971
334,RBF,17.27751747131291,0.21325943268353448,0.30339089070672054,3.8900196372587823,2.7029827853216757,6.593002422580458,23.317651649929978,8.525659970312441
335,RBF,18.04114420309536,0.11311876694026568,0.3370666052209727,4.0992931569446345,3.7026060629318045,7.801899219876439,24.932241282412292,8.377985365046646
336,RBF,19.963843544225522,0.20312174797754645,0.33082159466568933,3.847203337595514,2.8425243423871294,6.689727679982644,23.94156694726911,8.235611333678921
337,RBF,16.824010490550968,0.9737705160655422,0.36462674432434755,2.668801606663309,3.0946706541750233,5.763472260838332,21.030420052341142,7.734875443107387
338,RBF,16.536857268809346,0.9477508005759928,0.4996562937350427,2.9595882846020714,2.6215710653949986,5.58115934999707,21.104200861290494,7.735477248654188
339,RBF,17.293428734890302,0.7681107158336129,0.29330620746570096,2.633948532362131,3.0039247220814524,5.6378732544435834,20.902538035696153,7.707542229832562
340,RBF,19.490415516921473,0.580748491240975,0.4001510017157536,2.921725187595663,1.9653969688354014,4.887122156431064,21.51955298798733,7.615051517114705
341,RBF,18.89562548316062,0.6093392296356914,0.4499017920586218,3.0960969426872733,1.9360475058188988,5.032144448506172,21.524779090283662,7.662733342050636
342,RBF,19.896832009041702,0.9770912768283024,0.3962431615218495,2.591510159137077,2.8553839384943958,5.446894097631473,21.716450207227954,7.8062072492083905
343,RBF,17.63260329871214,0.6780242350840624,0.40291900735910297,2.952539186013086,2.3490736603545166,5.301612846367602,21.154333111043996,7.702899466857326
344,RBF,19.58566186971397,0.4356777966853124,0.3928525562083766,3.1768243634192004,1.6161336581140056,4.792958021533206,21.706396173309162,7.421615917174497
345,RBF,19.72675916201505,0.7078983430111017,0.4824786217274811,3.0711435024556883,2.131062308837989,5.202205811293677,21.82067656495032,7.729823630851526
346,RBF,19.514550836385748,0.18421812830625206,0.39047023407233644,4.30407191884228,2.687896481348838,6.9919684001911175,24.196073941233543,8.214489278507255
347,RBF,19.919173219391862,0.9204802149448481,0.27585769506020197,2.4661746176363595,3.18660950404585,5.65278412168221,21.53354159846302,7.771410341053539
348,RBF,19.8527445179746,0.5597613484698156,0.3837234885460269,2.8672374229564817,1.9347401079224755,4.801977530878958,21.550338716404745,7.573805428749598
349,RBF,19.698075961903925,0.4168747148339036,0.43875444242889833,3.4673031385771327,1.4892724091428209,4.956575547719954,21.904828299492234,7.413129241534998
350,RBF,19.781415526750795,0.47632163974422764,0.4204104080980639,3.1658592809571644,1.6223171853187306,4.788176466275895,21.714039063567437,7.450078325115417
351,RBF,16.408029248497556,0.4356848259674526,0.5031273100535694,3.9026577387569743,1.4125907907328719,5.315248529489846,21.11869857386527,7.5419198445169835
352,RBF,19.61204072024624,0.7878397685850981,0.5002257781159634,3.0223216576746585,2.279629125283272,5.301950782957931,21.847692014017476,7.754173690187771
353,RBF,19.97905009113364,1.1068669680759537,0.38021264102889357,2.4603005579864647,2.9928205365679146,5.45312109455438,21.650986117792947,7.867260450330858
354,RBF,19.609405670328766,0.7442630133850414,0.4786393368982997,3.025001573286298,2.2371118441748075,5.262113417461105,21.806141018152363,7.741261607781598
355,RBF,17.289188420179414,0.6296339134371206,0.4892848918163092,3.293184965092767,1.9454282787935397,5.238613243886307,21.220004838480655,7.6859836330629205
356,RBF,19.482150724459157,0.6369671218779196,0.3943059855818727,2.8690576756307147,2.164391888429909,5.033449564060623,21.535707640492177,7.679017138936886
357,RBF,19.510342220763718,0.7171236072592895,0.4669815557974045,3.027062032387345,2.199465883791066,5.226527916178411,21.756172283426377,7.7310056878596995
358,RBF,19.858319926104233,0.7144703738475215,0.4506722654205879,2.974082149255701,2.2315393551071847,5.2056215043628855,21.79053686682783,7.730846533767863
359,RBF,17.58065921488444,0.10729511590774948,0.37359860333624006,4.679289964600819,3.303134128940315,7.982424093541134,24.802742271746535,8.325156761107126
360,RBF,19.978804073088572,0.3702325453096551,0.3236058463831608,3.069102398706269,1.7817650259172553,4.850867424623524,21.908534781070312,7.518286497368491
361,RBF,19.66409058705905,0.3112704754276327,0.28969628807893,3.1924193807814247,2.0773850351825898,5.269804415964014,22.263784178949614,7.857812866663362
362,RBF,19.720977991140177,0.19347515496165124,0.3880383088082864,4.3146419906390285,2.5690942820593228,6.883736272698352,24.061057599470324,8.175247344385433
363,RBF,19.85862776514411,0.7507853762868366,0.4058395721090291,2.8302091956276034,2.4518707319989264,5.28207992762653,21.724777211324266,7.740894515517215
364,RBF,19.975726596943844,0.1356509204443645,0.3459089534908703,3.5808880581801343,3.8888704475771867,7.469758505757321,24.912509683693088,8.276788742885103
365,RBF,16.766865141333568,0.7046749954239061,0.3309216912925584,2.766943790718377,2.7491901180681357,5.516133908786513,20.76583065680318,7.702456617736321
366,RBF,17.81325700130929,1.4399470295235801,0.3379511571313247,2.413056519196351,3.3676586929882157,5.780715212184567,21.03651680083288,8.057028338994972
367,RBF,1.8800088567255546,0.5117788428383867,0.7987145771378759,8.972428716015694,1.485748696448556,10.45817741246425,61.02077128755893,12.655185486753282
368,RBF,19.991027620664564,0.283297437610903,0.32753594810425246,3.644144193011777,1.9785148826679564,5.622659075679733,22.70401788950766,7.9075183702061205
369,RBF,19.412068896992952,1.6313864873674933,0.48556737467161015,2.5441344002106967,2.8374925534261695,5.381626953636866,21.60290689501609,8.174783961268012
370,RBF,17.070318137389375,0.14194021394651773,0.46289186976537444,5.207192640084175,2.40031372557007,7.607506365654245,24.435811900826053,8.371972793099816
371,RBF,17.46909872552721,1.0996236488384457,0.20459409078642726,2.3445424902330667,3.7955132197599943,6.140055709993061,20.962024638739,7.783790058998141
372,RBF,18.336588259923225,0.8122636905320775,0.3451092169647315,2.697792503993928,2.838512673100575,5.536305177094503,21.321247657467993,7.7281770599532535
373,RBF,19.56636763556621,0.1842621647786193,0.5593764784989603,5.6806157961977215,1.7722771477768517,7.4528929439745735,24.152617250653126,8.012389049374477
374,RBF,16.190406927940842,0.8566872330414514,0.4230176580761743,2.9321411452287878,2.7661965289765207,5.698337674205309,20.9531002964168,7.6805263392110374
375,RBF,19.93616607977752,0.7587343878174477,0.3387816062537029,2.6642381091033114,2.67200005656469,5.336238165668002,21.60085325921099,7.741522680194574
376,RBF,19.95282631795852,0.5352192994742815,0.38225610560219336,2.885571043784137,1.86304948841649,4.748620532200627,21.57531089803006,7.530358446106544
377,RBF,19.816812544355102,1.0974464317096393,0.3125430073805526,2.393757525099615,3.217232568296553,5.610990093396168,21.535056752059173,7.852477041125886
378,RBF,19.838576034231387,0.4272300876838257,0.4283033494295054,3.3662828731817283,1.5226950465213172,4.888977919703045,21.873419868817656,7.408484861006741
379,RBF,19.4518486363368,0.35030843475524814,0.40554381656956445,3.6686621367223555,1.5235472950679751,5.192209431790331,22.11706158388723,7.538175614782322
380,RBF,19.490752578404514,0.4954257106985084,0.4708322449555187,3.340721268283252,1.5563236830001768,4.897044951283428,21.74152471543157,7.4962485505820755
381,RBF,19.310454482865076,0.11175487346436991,0.4614651728522315,5.064908693922132,3.023117738599974,8.088026432522106,24.852259771208715,8.102009789879926
382,RBF,16.983170891215888,0.6815751291859814,0.41700305744609556,3.0278311050396023,2.3507357673453937,5.3785668723849955,21.016707800846238,7.69720829847454
383,RBF,19.87242356438063,1.1155994329191017,0.43175598168091966,2.521702089412112,2.8426629484172143,5.364365037829327,21.688629047347636,7.875552358705703
384,RBF,16.61739812822667,1.4868774521802297,0.4629834622170222,2.6867823673640334,3.05511421818378,5.7418965855478135,20.866097069267074,8.073988230072745
385,RBF,9.444707676427726,0.6981322159856196,0.8220850601828362,4.90078876996182,1.6681145920792546,6.568903362041075,21.540202451980242,7.523634150929595
386,RBF,18.3589574291563,0.6425338584740745,0.5955408878128041,3.5622134463505475,1.6807487627004178,5.242962209050965,21.7089943120108,7.70528804501754
387,RBF,19.700471703929033,0.6998665122504069,0.5103681058072752,3.1585151725939453,2.038505867794595,5.19702104038854,21.860559004340093,7.728612317799194
388,RBF,19.963584964469106,0.3827051427770872,0.40716747750792986,3.4626555923827405,1.5283560202489894,4.99101161263173,22.03169200279753,7.4359950254409695
389,RBF,16.929991421198757,0.6099653525332185,0.3562810450737472,2.861269443674671,2.369468945465663,5.230738389140334,20.728601284166405,7.680419214284144
390,RBF,19.89835536549979,0.23151081937889467,0.5316377295629745,5.4377020915428975,1.5139903010895872,6.951692392632484,23.535905080405215,7.878080445666407
391,RBF,19.983680929020696,0.48678238249941896,0.2815430467860205,2.5494518403370825,2.0662917772625975,4.61574361759968,21.319361202738794,7.452381713541292
392,RBF,18.936429376960138,0.20344585843036772,0.26577612358664976,3.3615194972851556,3.2998955941453523,6.6614150914305075,23.85869640028525,8.51323239589083
393,RBF,12.182883225919007,4.514183638630028,0.999151172829214,6.553323142612741,2.818745053358823,9.372068195971565,22.685430101969935,8.74154525441123
394,RBF,13.648995165070794,2.531339271173191,0.5659984077053459,3.9088941734066505,3.4237180580404756,7.332612231447126,20.64745612505956,8.622896656364926
395,RBF,19.83914433537649,1.4692956722354613,0.2076503215993057,2.197681430253746,3.7168931953909787,5.914574625644725,21.240550113894905,8.072838575991625
396,RBF,19.918008874327626,0.6062349505051714,0.2588655242541658,2.4185090368196978,2.4917584953243463,4.910267532144044,21.155248694048105,7.6336575884121
397,RBF,19.149319138562415,0.3876896136243963,0.2273968888468934,2.486668502602732,2.3406648687375484,4.827333371340281,21.29744921122851,7.64523028782235
398,RBF,17.02353696840848,0.40578006341882156,0.23426640317935044,2.547681853546316,2.5393903619830933,5.0870722155294095,20.526135872894066,7.6973531987606565
399,RBF,16.403907796584697,0.14747623182512715,0.26284409943352915,3.3634821000647803,3.8817369640403223,7.245219064105102,24.523417547953912,8.907247517932955
400,RBF,19.485191308382493,0.4218618664138298,0.20834560559692505,2.326018214878389,2.4188515683637086,4.744869783242097,21.10736001943848,7.562186421003228
401,RBF,17.664065251436586,0.17367493932184164,0.25678691285773547,3.2333309792800007,3.754258752829857,6.987589732109858,24.307654104587975,8.773142673100224
402,RBF,19.92289315819458,0.9549468162199588,0.3305938080200609,2.5172992010967903,3.040800128979485,5.558099330076275,21.63261161722483,7.789804330018611
403,RBF,19.984259038660436,0.763175806440469,0.2076565166181625,2.3667942398014565,3.1447487185624956,5.511542958363952,21.19850966293169,7.752671105121394
404,RBF,19.36711776267803,0.4303716942345252,0.2506372918798635,2.519312910158604,2.1706949210695328,4.690007831228137,21.217712501028835,7.496697870404385
405,RBF,18.648469208131235,0.10947868997672111,0.231008354482226,3.0335272132216167,4.702912180336834,7.736439393558451,25.245990662185065,8.516663696397867
406,RBF,19.277516370589794,0.480404045621158,0.2196066860706141,2.320739349736859,2.4139136437267132,4.734652993463572,20.877882749789407,7.512254124245964
407,RBF,16.932504385977506,0.5956031032589255,0.21687794872114108,2.3465463643644884,3.0026873004331636,5.3492336647976515,20.09728548089814,7.740377032461678
408,RBF,17.74648656030143,0.7516036824111513,0.20287178953590349,2.384021368405822,3.3223072300334824,5.706328598439304,20.6521678030672,7.74744350907978
409,RBF,19.287877165964673,0.37610137049551146,0.22624390987209111,2.5044517089569633,2.3528650970153127,4.857316805972276,21.41326147517419,7.686326919439931
410,RBF,19.75422694117619,0.2873376016132279,0.22890516268874242,2.8855581769978276,2.6840686200337434,5.569626797031571,22.476189700481207,8.169670754651486
411,RBF,17.871151113012516,0.8884928258790508,0.2084800301322796,2.4174064446490844,3.527230432149151,5.944636876798235,20.95373706182512,7.711996415738803
412,RBF,1.3598813881726421,3.241551448856699,0.9830575720326088,7.9950924828689605,2.5901524825634272,10.585244965432388,66.77835793900074,13.957734121466906
413,RBF,18.163503503621765,1.0705008956684194,0.21052455636822903,2.3442791743670086,3.6940160240350375,6.0382951984020465,21.07881852721526,7.783391388324107
414,RBF,17.699343915620847,0.4123313528372433,0.20561978178661425,2.359547337392824,2.6705860411518265,5.030133378544651,20.587430767023896,7.698151460290472
415,RBF,19.38895928658313,0.5131602739794182,0.23803795309438738,2.366557277028449,2.3660287719106234,4.732586048939073,20.933485482986633,7.520577602304183
416,RBF,19.28383762314144,0.7883892429002337,0.2511453980841919,2.4792718059766043,3.0765796454032754,5.55585145137988,21.25680178502664,7.742479833876876
417,RBF,17.271635579653136,0.34916215931823735,0.20195127432919985,2.445057995228819,2.864813621051097,5.309871616279916,20.955285786878868,8.025332774977947
418,RBF,18.00475205578122,0.15999060874794702,0.23159670158745282,2.851690788013122,4.241333567265266,7.093024355278388,24.692968418570132,8.850500157818558
419,RBF,17.228715397886564,1.0374763920192553,0.2686955330693036,2.460541568910541,3.4941494713749695,5.95469104028551,20.996838443433614,7.759553476815955
420,RBF,8.886513802985242,3.3008413627488418,0.2603031084669728,2.971771473936402,5.535855045698778,8.50762651963518,32.52138328093669,9.436922978629656
421,RBF,19.923720809413705,0.7592421131966811,0.23994623036383145,2.438539217210613,3.0129769360380365,5.451516153248649,21.309146040148672,7.745750774262631
422,RBF,17.307973559356885,1.020822748554554,0.3455256890169359,2.576468548756389,3.1800312215379587,5.756499770294347,21.101796818831254,7.7708543517411774
423,RBF,19.98934100064393,0.42809189553744376,0.23771157540083304,2.4489023820660707,2.191160362689123,4.640062744755194,21.33720379005335,7.4806893063526365
424,RBF,19.782518016349066,0.29185833637732567,0.23240100509578268,2.8890519723155847,2.6181116429966416,5.507163615312226,22.42442369410262,8.127259071097763
425,RBF,19.49865611442043,0.7163309695019509,0.2334725673881927,2.41160350427954,2.9548969324660486,5.366500436745588,21.119911095504285,7.736203989141416
426,RBF,19.73312951368912,0.23963449252774993,0.25172335766355525,3.251722760549194,2.9349185999739253,6.186641360523119,23.25651153755134,8.336711794780982
427,RBF,19.9342674102511,1.5233453111044197,0.23616839134830475,2.216287608735899,3.598345184306251,5.81463279304215,21.313920648783476,8.110889729701213
428,RBF,19.384092171084383,0.47582659813894196,0.22056579998694315,2.326295569505283,2.3898244419894197,4.716120011494702,20.926031432833295,7.504479701804205
429,RBF,19.76912728830888,0.9259900281010045,0.20398092213727972,2.3689955237594105,3.4736019909410683,5.842597514700479,21.329354042868765,7.759787484413075
430,RBF,19.80789982236959,0.3383613649213033,0.27701119605833974,2.9487234863482974,2.0631208840356248,5.011844370383923,21.99716699127076,7.727970759896707
431,RBF,19.784342836292957,0.822388110738901,0.3143877457680019,2.5885853959054033,2.898879564001673,5.487464959907076,21.56002812747026,7.752344477510459
432,RBF,19.7885315225021,0.5420211347687982,0.22148477906878242,2.2874677241495625,2.4768276479021125,4.764295372051675,20.928768439512034,7.547375469371578
433,RBF,18.677026392991944,0.6077525306777167,0.20530547075281552,2.2701565315980625,2.860300141049543,5.130456672647606,20.559551121421713,7.692012422233538
434,RBF,19.86717517336951,0.4890477317724225,0.2556539647912015,2.444768698004523,2.188856353639339,4.633625051643862,21.183579131156474,7.4666933335975845
435,RBF,19.578785990993076,0.20338249963931745,0.23968092572172045,3.056050656322741,3.6032433371811106,6.6592939935038515,23.965484686808082,8.537470990228304
436,RBF,14.483308568690301,1.5237886464392643,0.21160350676309883,2.421632616578638,4.326986173742363,6.748618790321002,21.000012207775608,8.110689867425084
437,RBF,13.90175563329258,0.2824360528685724,0.3251993251843523,3.918237231993104,2.191475045642388,6.1097122776354915,20.910323721340855,8.292154085029155
438,RBF,19.937848476824197,0.2089632273482397,0.22647950197589503,2.9347022665627724,3.663310853369041,6.598013119931814,23.899975020585536,8.529556325135164
439,RBF,19.927673783134924,1.214248553161213,0.22721750339893618,2.261080171751352,3.5771502440041036,5.838230415755456,21.367310370738842,7.907271034408462
440,RBF,15.513996486186656,4.132135748095782,0.6466826563346915,4.776494037649159,2.99196265521459,7.768456692863749,21.311363443922176,8.53182574925697
441,RBF,16.834962067912635,1.1923615267646097,0.27840704918908027,2.4237530980367357,3.591872748321423,6.015625846358159,20.88211671756655,7.865582255365445
442,RBF,19.792148492773112,0.8500340637408411,0.2258562882231222,2.419422203204355,3.2673805542058822,5.686802757410238,21.34679558159047,7.753780427733354
443,RBF,15.51198460583868,0.9656729695586168,0.2952080969565316,2.615730237363076,3.452070512832483,6.067800750195559,20.746384686470872,7.664503579378546
444,RBF,16.555683772420373,0.8647976557139541,0.26591019987261105,2.5706263777155804,3.3494265081547594,5.92005288587034,20.80874213482503,7.674821164018071
445,RBF,19.92042210911706,1.241650368801038,0.3056216553540473,2.315726827929797,3.291367726639948,5.607094554569745,21.483044576416006,7.9360844209570685
446,RBF,16.176104416891473,0.5765193511914605,0.3167660026678695,2.7645688292791855,2.527446415556923,5.292015244836108,20.305389660493162,7.682264038918996
447,RBF,19.826291095233692,0.8363148490365986,0.3166150681490857,2.5844522407049983,2.9167875552536406,5.501239795958639,21.5798146113176,7.755485163975804
448,RBF,19.77231679433087,0.2949951192538168,0.2017168970334512,2.6337923277580475,2.8977751801617093,5.531567507919757,22.329839996565077,8.228952014882815
449,RBF,16.036251073848838,0.6904790816539709,0.2153868527087227,2.4147302151341505,3.3293579278034557,5.744088142937606,20.141886445140678,7.769135093535723
450,RBF,17.170206802639857,0.34013459714412064,0.3417956480321577,3.4394890116800827,1.8143577083265812,5.253846720006663,21.45908854544222,7.764359235672574
451,RBF,17.055702707944132,0.1662970780419935,0.3545693970568242,4.253182882563521,2.8984221154076515,7.151604997971172,24.19854053868059,8.562929030185586
452,RBF,15.62387098731709,0.15408610553305924,0.20278849616680805,2.8313964615991516,4.359639353164272,7.191035814763423,24.33757375561849,9.248883982780125
453,RBF,19.97244048481069,0.3266686057444608,0.21493906345059785,2.5904717445932635,2.556972939870503,5.147444684463766,21.999694637944568,7.951765935705018
454,RBF,17.454505197854495,1.0227748176008071,0.32213462602970167,2.5340972842321383,3.2585675619114642,5.7926648461436026,21.105934224217734,7.770919071313818
455,RBF,19.704019801516125,0.7142483615725372,0.2868876173840607,2.5450254611717202,2.735977554937664,5.281003016109384,21.36047361014317,7.727290800665847
456,RBF,16.705152836358657,0.13796116256181445,0.32753686950325156,3.984190186931043,3.4196256574410815,7.403815844372124,24.586101237732443,8.662111370616513
457,RBF,19.518652686455155,1.0472486289736973,0.20739132835348834,2.32419592379522,3.5986596830636555,5.922855606858875,21.31103307251836,7.796718147228969
458,RBF,19.531495623018355,0.8499542692517701,0.35054024794717265,2.6449915857031465,2.8411135826974623,5.486105168400609,21.596955594240907,7.756075477185672
459,RBF,19.782379831133426,0.21202319179665713,0.29818804104971136,3.6207958108550375,2.9331760995208365,6.553971910375874,23.774799762470955,8.301571872489324
460,RBF,16.996647308713797,0.9938103774659897,0.3460653165125576,2.6132624401994327,3.172294979784738,5.785557419984171,21.043474441958708,7.74694858679095
461,RBF,19.633008866464156,0.41996685819801866,0.2005600710716391,2.2882806593659697,2.4590811060721,4.74736176543807,21.1217347956227,7.572436108910983
462,RBF,19.750410640667393,1.0441500303337765,0.23573847315652413,2.348984428907635,3.468723580789556,5.81770800969719,21.411953644579583,7.807560353171183
463,RBF,19.8535017234487,0.3626567788937185,0.24149776994983338,2.625873010503406,2.228668760977776,4.854541771481182,21.707162712285925,7.679582867728892
464,RBF,17.140716364600756,0.8866421477744983,0.20094089450883523,2.417797720997648,3.615743903822021,6.033541624819669,20.802809060569864,7.689604734444104
465,RBF,10.843367192766252,3.9270647891600654,0.7112801898853973,5.377663673450443,3.5977157351341797,8.975379408584622,23.5541949059972,8.531965026156694
466,RBF,19.558630181594243,0.49093966316732884,0.21924773396548575,2.3055349232428357,2.4026977154832827,4.708232638726118,20.929618632914735,7.502643029542987
467,RBF,19.677214613617764,1.768620890699741,0.40195174175107556,2.4689395085997203,3.093538873053614,5.562478381653334,21.6036539917734,8.275923878945138
468,RBF,19.697834470222794,0.11020931778711901,0.30652849985333464,3.5974202410167813,4.255991901842486,7.853412142859267,25.097298628738784,8.250980160523016
469,RBF,1.480637401594624,2.0845864256850835,0.39750797977010977,4.391156408265608,1.7414088782864632,6.132565286552071,62.679222540825776,13.260103327278621
470,RBF,19.927513374781405,0.17819994067979356,0.28569804292751366,3.2564242916153763,3.679292743591677,6.935717035207054,24.433529069055005,8.42574161156961
471,RBF,17.621493921256796,0.5665106616701818,0.21159453498157238,2.301365979979919,2.8632402053420365,5.164606185321956,20.236038369860555,7.687671596534761
472,RBF,7.603167885704965,2.2098309446400157,0.9704052861281837,4.482795828252358,3.534065249739927,8.016861077992285,29.947006561704523,8.617428571477816
473,RBF,19.336205957263296,0.7988642074828003,0.21282235798389587,2.399320203346385,3.2473661382847077,5.646686341631092,21.14521486432055,7.748298965793451
474,RBF,17.398657854696985,0.9618318650079979,0.3399819580468389,2.609203292810919,3.1352232676104004,5.744426560421319,21.131504267822372,7.741573905121758
475,RBF,19.829889084878047,0.9395547425186889,0.29364952090015045,2.4799237297242698,3.151911250695982,5.631834980420251,21.553542866440136,7.778024266096097
476,RBF,17.972431311793926,0.30394354729011736,0.21357233911793755,2.6860895392518733,2.8496601239958856,5.535749663247759,21.788366327721754,8.255808974453906
477,RBF,17.102318103694195,0.1562692911812391,0.22359558982163652,2.8711697230968145,4.266177469456084,7.137347192552898,24.630192559847202,8.988807769630217
478,RBF,19.961416532821072,0.4806341294844697,0.2236413506987755,2.3235124845889854,2.3225524700290423,4.646064954618028,21.085784351722406,7.4733702283980525
479,RBF,19.96668483238276,0.938939286262342,0.21049392279653437,2.3704162788695697,3.4531580407156377,5.823574319585207,21.389057224147482,7.766982040129818
480,RBF,19.785533993319373,0.49963755648108066,0.2413358509770531,2.3801398884317653,2.283622891073959,4.663762779505724,21.078538358882426,7.485946075526507
481,RBF,3.245492326979143,3.9697192344397,0.22842791940563756,5.425782175087464,3.991496591999702,9.417278767087167,54.56493477871291,11.654469427523704
482,RBF,17.096486733090245,0.7099457690047024,0.20531266958498617,2.3758926261846995,3.2934946158892635,5.669387242073963,20.394816497738447,7.762154434029966
483,RBF,19.261569103644923,0.8680563211253582,0.20458355260969352,2.3891940761586303,3.415365594099972,5.804559670258602,21.191293853939193,7.745242699610922
484,RBF,19.109192730305974,0.11862140704283408,0.2601674741512351,3.0747308597219387,4.535811348772165,7.6105422084941035,25.1832738173333,8.47130796776133
485,RBF,19.98782881261041,0.7965291982566174,0.22817802622463726,2.4208115525605804,3.14082474733992,5.561636299900501,21.332127646771752,7.752609664816596
486,RBF,19.631235525012215,0.7580552359056123,0.20985344425659808,2.3737261926170286,3.147753596180997,5.521479788798025,21.124503514727923,7.750623786372789
487,RBF,19.167264440051426,0.6558910785153883,0.20305437854542052,2.28905398276543,2.9491987907324835,5.238252773497914,20.76618812920298,7.722408463920276
488,RBF,17.382108959993605,0.7601279153400666,0.3311345254102306,2.728045291620531,2.833610544915172,5.561655836535703,21.012726371490697,7.707240673396072
489,RBF,19.805078554992996,0.1172790135555114,0.30427598046590604,3.409220356634,4.29948981675877,7.70871017339277,25.09752981119165,8.290820184134994
490,RBF,18.044594084595655,2.219041115480292,0.23656419706315662,2.6378902502237596,3.905342053423876,6.543232303647636,21.236251164910076,8.726603821895646
491,RBF,18.456485892584777,0.10183259572452452,0.24131800600975345,3.3681001581509276,4.535797584759973,7.903897742910901,25.162789304810744,8.433405813467711
492,RBF,17.139281649727373,1.3281643518320336,0.2907149755939116,2.397785761754668,3.57468362952145,5.9724693912761175,20.88161637343283,7.973545652628614
493,RBF,19.266217711174512,0.24988956183863276,0.20822733383451725,2.8571304929148726,3.259094579019,6.116225071933872,22.970981662409912,8.50483964342146
494,RBF,18.009798268555237,1.5464564239197278,0.20803123822838523,2.27727308664872,3.8976208528989136,6.174893939547633,20.911215233072888,8.133748148540453
495,RBF,19.868307070246875,0.31316150904375695,0.21774342342588418,2.670872969233388,2.6121664851586295,5.283039454392018,22.14120322741134,8.037503045083728
496,RBF,17.370253745882046,0.7313456129087881,0.30510663745817584,2.6652896688696393,2.8678783634504805,5.53316803232012,20.89449214364188,7.712058155554539
497,RBF,12.491158603208943,3.7461714413635225,0.4395489992015009,4.4239188408803525,4.126650201919509,8.55056904279986,21.74601076057776,8.67715575237708
498,RBF,19.463547850969572,0.1177711772013762,0.21510052470959434,2.6077808007941483,4.977675027342892,7.58545582813704,25.334208592546368,8.549273268399535
499,RBF,5.304146183000535,0.17433986951003666,0.46491642543967815,8.025425676901232,1.3190770875440294,9.344502764445261,32.09026955722635,9.04864043023096
